verse_id,text,raw_ppl_gpt,raw_ppl_dicta,rare_ratio,disc_ppl_gpt,disc_ppl_dicta,global_z_gpt,global_z_dicta,CFI_mag,p_val_gpt,p_val_dicta,p_adj_gpt,p_adj_dicta,Strict_Shared_Seam,p_val_cfi,p_adj_cfi,Significant_CFI_Seam,chapter,Regime_ID,Is_Regime_Change
Gen.1.1,בראשית ברא אלהים את השמים ואת הארץ,6.4675320213417615,1.2253642226418682,0.0,6.4675320213417615,1.2253642226418682,-0.5319911090405613,-0.3252331396008529,0.0,0.7026339233035961,0.627497685458734,0.7559658915593124,0.6275441494078227,False,1.0,1.0,False,1,1,False
Gen.1.2,והארץ היתה תהו ובהו וחשך על פני תהום ורוח אלהים מרחפת על פני המים,2.5427740045038196,11.093286591433175,0.21428571428571427,1.7799418031526737,7.765300614003222,-0.6827502070536471,-0.3227239864650182,0.0,0.7526176508434803,0.6265478576098589,0.7559658915593124,0.6275441494078227,False,1.0,1.0,False,1,1,False
Gen.1.3,ויאמר אלהים יהי אור ויהי אור,3.5837372086236576,1.2352031255239204,0.0,3.5837372086236576,1.2352031255239204,-0.6247377623493809,-0.32522936474548086,0.0,0.7339284077382439,0.6274962570859929,0.7559658915593124,0.6275441494078227,False,1.0,1.0,False,1,1,False
Gen.1.4,וירא אלהים את האור כי טוב ויבדל אלהים בין האור ובין החשך,5.757232036553477,13.489426208042472,0.0,5.757232036553477,13.489426208042472,-0.5548352955076026,-0.32052783243159866,0.0,0.7104963386325027,0.625715882423158,0.7559658915593124,0.6275441494078227,False,1.0,1.0,False,1,1,False
Gen.1.5,ויקרא אלהים לאור יום ולחשך קרא לילה ויהי ערב ויהי בקר יום אחד,2.39297417474541,10.098698997080572,0.07692307692307693,2.073910951446022,8.752205797469829,-0.6732957706422875,-0.32234534421413363,0.0,0.749620428540655,0.6264044574580926,0.7559658915593124,0.6275441494078227,False,1.0,1.0,False,1,1,False
Gen.1.6,ויאמר אלהים יהי רקיע בתוך המים ויהי מבדיל בין מים למים,3.228785009416103,1.2638958958355562,0.18181818181818182,2.3677756735718085,0.9268569902794078,-0.6638446927145191,-0.3253476667634016,0.0,0.7466051411899112,0.6275410207162694,0.7559658915593124,0.6275441494078227,False,1.0,1.0,False,1,1,False
Gen.1.7,ויעש אלהים את הרקיע ויבדל בין המים אשר מתחת לרקיע ובין המים אשר מעל לרקיע ויהי כן,2.5527625057149153,10.828909345522598,0.058823529411764705,2.284050663008082,9.689024151257062,-0.6665373997316013,-0.3219859185913986,0.0,0.7474661666092353,0.6262683188723326,0.7559658915593124,0.6275441494078227,False,1.0,1.0,False,1,1,False
Gen.1.8,ויקרא אלהים לרקיע שמים ויהי ערב ויהי בקר יום שני,3.108956807101128,4.907855538512833,0.0,3.108956807101128,4.907855538512833,-0.6400073276817105,-0.32382029181763794,0.0,0.7389160822543603,0.6269629536930053,0.7559658915593124,0.6275441494078227,False,1.0,1.0,False,1,1,False
Gen.1.9,ויאמר אלהים יקוו המים מתחת השמים אל מקום אחד ותראה היבשה ויהי כן,4.220065663426984,1.2993818308144978,0.15384615384615385,3.227109036738282,0.9936449294463806,-0.6362073957893674,-0.3253220424825266,0.0,0.7376793733385666,0.6275313250359676,0.7559658915593124,0.6275441494078227,False,1.0,1.0,False,1,1,False
Gen.1.10,ויקרא אלהים ליבשה ארץ ולמקוה המים קרא ימים וירא אלהים כי טוב,3.9662737356436937,102.1308501891329,0.16666666666666666,2.9747053017327705,76.59813764184968,-0.6443250335634441,-0.29631514721316293,0.0,0.7403176571416749,0.6165052903503889,0.7559658915593124,0.6275441494078227,False,1.0,1.0,False,1,1,False
Gen.1.11,ויאמר אלהים תדשא הארץ דשא עשב מזריע זרע עץ פרי עשה פרי למינו אשר זרעו בו על הארץ ויהי כן,4.86948364887719,62.00107697688042,0.15,3.7457566529824535,47.69313613606186,-0.6195270028428578,-0.3074050219197971,0.0,0.7322153806263657,0.6207324469038891,0.7559658915593124,0.6275441494078227,False,1.0,1.0,False,1,1,False
Gen.1.12,ותוצא הארץ דשא עשב מזריע זרע למינהו ועץ עשה פרי אשר זרעו בו למינהו וירא אלהים כי טוב,5.1507318830245525,885.690751087767,0.1111111111111111,4.214235177020088,724.6560690718093,-0.6044601142209892,-0.04767716458722602,0.0,0.7272311102821898,0.5190132332892389,0.7559658915593124,0.6275441494078227,False,1.0,1.0,False,1,1,False
Gen.1.13,ויהי ערב ויהי בקר יום שלישי,46.854870294655996,2.872696711892878,0.16666666666666666,35.141152720992,2.1545225339196588,0.3901904367513413,-0.324876652878213,0.3901904367513413,0.3481978663400127,0.6273627862207043,0.7559658915593124,0.6275441494078227,False,0.9267010211529683,1.0,False,1,1,False
Gen.1.14,ויאמר אלהים יהי מארת ברקיע השמים להבדיל בין היום ובין הלילה והיו לאתת ולמועדים ולימים ושנים,2.6821438872787406,1110.8752246176946,0.3125,1.650550084479225,683.6155228416582,-0.6869116157710474,-0.06342303872229803,0.0,0.7539307866812115,0.5252851790336882,0.7559658915593124,0.6275441494078227,False,1.0,1.0,False,1,1,False
Gen.1.15,והיו למאורת ברקיע השמים להאיר על הארץ ויהי כן,4.971395760566976,136.37576371683207,0.1111111111111111,4.067505622282071,111.58017031377169,-0.6091791306653727,-0.28289372050134226,0.0,0.728797144191758,0.6113708458168564,0.7559658915593124,0.6275441494078227,False,1.0,1.0,False,1,1,False
Gen.1.16,ויעש אלהים את שני המארת הגדלים את המאור הגדל לממשלת היום ואת המאור הקטן לממשלת הלילה ואת הכוכבים,4.274257883028844,26.869859131048315,0.05555555555555555,3.8468320947259595,24.18287321794348,-0.6162762830232377,-0.31642511728390743,0.0,0.7311439053849299,0.6241600726107696,0.7559658915593124,0.6275441494078227,False,1.0,1.0,False,1,1,False
Gen.1.17,ויתן אתם אלהים ברקיע השמים להאיר על הארץ,4.613986859843034,6.238463491489633,0.0,4.613986859843034,6.238463491489633,-0.5916035716636318,-0.32330978240011693,0.0,0.7229419591999797,0.6267696768896787,0.7559658915593124,0.6275441494078227,False,1.0,1.0,False,1,1,False
Gen.1.18,ולמשל ביום ובלילה ולהבדיל בין האור ובין החשך וירא אלהים כי טוב,12.461133484245519,3.6088862518336398,0.16666666666666666,9.34585011318414,2.70666468887523,-0.439420594314865,-0.32466481454575413,0.0,0.6698215965932378,0.6272826164234262,0.7559658915593124,0.6275441494078227,False,1.0,1.0,False,1,1,False
Gen.1.19,ויהי ערב ויהי בקר יום רביעי,38.29100585305515,2.5907773476320144,0.16666666666666666,28.718254389791362,1.943083010724011,0.18362153589386834,-0.3249577750957573,0.18362153589386834,0.4271551835917332,0.6273934853024825,0.7559658915593124,0.6275441494078227,False,0.9832828739874914,1.0,False,1,1,False
Gen.1.20,ויאמר אלהים ישרצו המים שרץ נפש חיה ועוף יעופף על הארץ על פני רקיע השמים,3.5303520617326,96.68380713558851,0.2,2.5216800440947145,69.05986223970608,-0.6588949247099966,-0.2992073293739954,0.0,0.7450183774025068,0.6176090713539126,0.7559658915593124,0.6275441494078227,False,1.0,1.0,False,1,1,False
Gen.1.21,ויברא אלהים את התנינם הגדלים ואת כל נפש החיה הרמשת אשר שרצו המים למינהם ואת כל עוף כנף למינהו וירא אלהים כי טוב,2.9987772214571007,808.6499208808292,0.21739130434782608,2.0900568513185855,563.604490310881,-0.6727764971588776,-0.10946722640080817,0.0,0.7494552539021679,0.5435840424677812,0.7559658915593124,0.6275441494078227,False,1.0,1.0,False,1,1,False
Gen.1.22,ויברך אתם אלהים לאמר פרו ורבו ומלאו את המים בימים והעוף ירב בארץ,6.178370588133755,82.27386093651143,0.07692307692307693,5.354587843049255,71.30401281164325,-0.5677848650321233,-0.2983463244485806,0.0,0.714909470997757,0.6172805743006837,0.7559658915593124,0.6275441494078227,False,1.0,1.0,False,1,1,False
Gen.1.23,ויהי ערב ויהי בקר יום חמישי,109.49887426224883,3.520543039961701,0.16666666666666666,82.12415569668663,2.640407279971276,1.9012259199890806,-0.32469023528005103,1.9012259199890806,0.028636213706538852,0.6272922371411668,0.3977251903685952,0.6275441494078227,False,0.1640916772997824,1.0,False,1,1,False
Gen.1.24,ויאמר אלהים תוצא הארץ נפש חיה למינה בהמה ורמש וחיתו ארץ למינה ויהי כן,5.42026990272806,172.98545646483086,0.14285714285714285,4.215765479899602,134.54424391709068,-0.6044108976574536,-0.2740831795655897,0.0,0.727214753861052,0.6079896500871991,0.7559658915593124,0.6275441494078227,False,1.0,1.0,False,1,1,False
Gen.1.25,ויעש אלהים את חית הארץ למינה ואת הבהמה למינה ואת כל רמש האדמה למינהו וירא אלהים כי טוב,3.437472429893534,17.528183811206798,0.0,3.437472429893534,17.528183811206798,-0.629441830982956,-0.31897829728348287,0.0,0.7354700802932876,0.6251285149598325,0.7559658915593124,0.6275441494078227,False,1.0,1.0,False,1,1,False
Gen.1.26,ויאמר אלהים נעשה אדם בצלמנו כדמותנו וירדו בדגת הים ובעוף השמים ובבהמה ובכל הארץ ובכל הרמש הרמש על הארץ,4.147928656829419,12899.427532976244,0.15789473684210525,3.152425779190358,9803.564925061944,-0.6386093080770318,3.435594118609946,3.435594118609946,0.7384614377510967,0.000295628024526267,0.7559658915593124,0.008334215596476366,False,0.002734918960947774,0.042733108764808965,True,1,1,False
Gen.1.27,ויברא אלהים את האדם בצלמו בצלם אלהים ברא אתו זכר ונקבה ברא אתם,2.566588845221809,16.906603805343412,0.15384615384615385,1.9626855875225597,12.928579380556727,-0.6768729253765501,-0.32074301045347786,0.0,0.750756708184772,0.6257974248632945,0.7559658915593124,0.6275441494078227,False,1.0,1.0,False,1,1,False
Gen.1.28,ויברך אתם אלהים ויאמר להם אלהים פרו ורבו ומלאו את הארץ וכבשה ורדו בדגת הים ובעוף השמים ובכל חיה הרמשת על הארץ,1.8445427842952518,99.29330950080765,0.13636363636363635,1.4492836162319835,78.01617175063458,-0.693384611447055,-0.2957710953267442,0.0,0.7559658915593124,0.6162975507628206,0.7559658915593124,0.6275441494078227,False,1.0,1.0,False,1,1,False
Gen.1.29,ויאמר אלהים הנה נתתי לכם את כל עשב זרע זרע אשר על פני כל הארץ ואת כל העץ אשר בו פרי עץ זרע זרע לכם יהיה לאכלה,2.269058177803756,3.2160399590638877,0.0,2.269058177803756,3.2160399590638877,-0.6670195778745645,-0.32446938442533296,0.0,0.7476201859712422,0.6272086513915309,0.7559658915593124,0.6275441494078227,False,1.0,1.0,False,1,1,False
Gen.1.30,ולכל חית הארץ ולכל עוף השמים ולכל רומש על הארץ אשר בו נפש חיה את כל ירק עשב לאכלה ויהי כן,8.279194569014347,35.64505381157522,0.047619047619047616,7.55926460649136,32.5454839149165,-0.49687954592439976,-0.31321666545832216,0.0,0.6903630018937295,0.6229419711011632,0.7559658915593124,0.6275441494078227,False,1.0,1.0,False,1,1,False
Gen.1.31,וירא אלהים את כל אשר עשה והנה טוב מאד ויהי ערב ויהי בקר יום הששי,2.847321511162779,1.452591164112702,0.0,2.847321511162779,1.452591164112702,-0.6484218646587268,-0.3251459602831013,0.0,0.7416439338023724,0.6274646971088323,0.7559658915593124,0.6275441494078227,False,1.0,1.0,False,1,1,False
Gen.2.1,ויכלו השמים והארץ וכל צבאם,87.19631403528244,1.1318521550651754,0.0,87.19631403528244,1.1318521550651754,2.064353237120838,-0.3252690170289435,2.064353237120838,0.01949211840487897,0.6275112610807916,0.3977251903685952,0.6275441494078227,False,0.11874497606235862,1.0,False,2,1,False
Gen.2.2,ויכל אלהים ביום השביעי מלאכתו אשר עשה וישבת ביום השביעי מכל מלאכתו אשר עשה,8.523085273606528,9.314426838952661,0.0,8.523085273606528,9.314426838952661,-0.4658817991809168,-0.3221296389526678,0.0,0.6793499451139735,0.6263227573021831,0.7559658915593124,0.6275441494078227,False,1.0,1.0,False,2,1,False
Gen.2.3,ויברך אלהים את יום השביעי ויקדש אתו כי בו שבת מכל מלאכתו אשר ברא אלהים לעשות,2.08876138668158,17.426905424645962,0.0,2.08876138668158,17.426905424645962,-0.672818161014098,-0.3190171543863695,0.0,0.749468508802433,0.6251432477050283,0.7559658915593124,0.6275441494078227,False,1.0,1.0,False,2,1,False
Gen.2.4,אלה תולדות השמים והארץ בהבראם ביום עשות יהוה אלהים ארץ ושמים,6.2692292738797315,29.69451608955297,0.18181818181818182,4.597434800845136,21.775978465672175,-0.5921359077614203,-0.3173485616653028,0.0,0.7231202082299565,0.62451043337279,0.7559658915593124,0.6275441494078227,False,1.0,1.0,False,2,1,False
Gen.2.5,וכל שיח השדה טרם יהיה בארץ וכל עשב השדה טרם יצמח כי לא המטיר יהוה אלהים על הארץ ואדם אין לעבד את האדמה,3.574111765798647,10.951934892915899,0.043478260869565216,3.2881828245347555,10.075780101482628,-0.6342431820394726,-0.3218375333706198,0.0,0.7370389348347062,0.6262121108427603,0.7559658915593124,0.6275441494078227,False,1.0,1.0,False,2,1,False
Gen.2.6,ואד יעלה מן הארץ והשקה את כל פני האדמה,9.649101253017914,16.42480304550773,0.2222222222222222,6.680147021320095,11.371017493043814,-0.5251531295822868,-0.3213405944451925,0.0,0.7002616276717537,0.6260238518140815,0.7559658915593124,0.6275441494078227,False,1.0,1.0,False,2,1,False
Gen.2.7,וייצר יהוה אלהים את האדם עפר מן האדמה ויפח באפיו נשמת חיים ויהי האדם לנפש חיה,2.7011476062262725,86.40944683034431,0.25,1.800765070817515,57.60629788689621,-0.6820805032389546,-0.3036016759230381,0.0,0.7524059759353824,0.6192843126926594,0.7559658915593124,0.6275441494078227,False,1.0,1.0,False,2,1,False
Gen.2.8,ויטע יהוה אלהים גן בעדן מקדם וישם שם את האדם אשר יצר,3.831545609806085,9.946093432839552,0.08333333333333333,3.2841819512623585,8.525222942433901,-0.6343718554127276,-0.32243242988414816,0.0,0.7370809136735981,0.6264374402680782,0.7559658915593124,0.6275441494078227,False,1.0,1.0,False,2,1,False
Gen.2.9,ויצמח יהוה אלהים מן האדמה כל עץ נחמד למראה וטוב למאכל ועץ החיים בתוך הגן ועץ הדעת טוב ורע,3.391952602636217,12.920667788519903,0.15789473684210525,2.5778839780035248,9.819707519275125,-0.6570873318986624,-0.321935779788352,0.0,0.7444376180197758,0.6262493266927652,0.7559658915593124,0.6275441494078227,False,1.0,1.0,False,2,1,False
Gen.2.10,ונהר יצא מעדן להשקות את הגן ומשם יפרד והיה לארבעה ראשים,32.67687473440672,41.98781929000714,0.18181818181818182,23.963041471898258,30.791067479338565,0.030687602466835974,-0.3138897759042747,0.030687602466835974,0.48775933915274633,0.6231976220581172,0.7559658915593124,0.6275441494078227,False,0.999529246366697,1.0,False,2,1,False
Gen.2.11,שם האחד פישון הוא הסבב את כל ארץ החוילה אשר שם הזהב,54.520024598643595,2580.9147573042533,0.25,36.3466830657624,1720.6098382028356,0.4289618862478806,0.33443672359408066,0.5439266696363427,0.3339754809034293,0.3690250158543038,0.7559658915593124,0.6275441494078227,False,0.8624931165062041,1.0,False,2,1,False
Gen.2.12,וזהב הארץ ההוא טוב שם הבדלח ואבן השהם,38.24002536389845,16559.425910807808,0.125,30.592020291118757,13247.540728646247,0.24388432423992934,4.756931539982572,4.763179320547456,0.403660205055703,9.827889531263843e-07,0.7559658915593124,6.142430957039902e-05,False,1.1841045620737355e-05,0.0004933769008640564,True,2,1,False
Gen.2.13,ושם הנהר השני גיחון הוא הסובב את כל ארץ כוש,71.4276708281397,187.07172930273416,0.2,51.01976487724264,133.62266378766725,0.9008675938729717,-0.2744367587953083,0.9008675938729717,0.18382936154910529,0.608125501235179,0.7559658915593124,0.6275441494078227,False,0.6664559648120881,1.0,False,2,1,False
Gen.2.14,ושם הנהר השלישי חדקל הוא ההלך קדמת אשור והנהר הרביעי הוא פרת,58.63229914218537,819.4811458381262,0.16666666666666666,43.97422435663903,614.6108593785947,0.674273697124209,-0.08989780198517479,0.674273697124209,0.25006866160691826,0.5358157860784792,0.7559658915593124,0.6275441494078227,False,0.7966638093534301,1.0,False,2,1,False
Gen.2.15,ויקח יהוה אלהים את האדם וינחהו בגן עדן לעבדה ולשמרה,9.48208239014168,945.8234515871078,0.2,6.772915992958344,675.5881797050771,-0.5221695568216996,-0.06650285968663938,0.0,0.6992238598391,0.5265112594744068,0.7559658915593124,0.6275441494078227,False,1.0,1.0,False,2,1,False
Gen.2.16,ויצו יהוה אלהים על האדם לאמר מכל עץ הגן אכל תאכל,15.723430479426817,1.982063646705272,0.0,15.723430479426817,1.982063646705272,-0.23430917911694055,-0.32494281953974635,0.0,0.5926275198259413,0.627387825732077,0.7559658915593124,0.6275441494078227,False,1.0,1.0,False,2,1,False
Gen.2.17,ומעץ הדעת טוב ורע לא תאכל ממנו כי ביום אכלך ממנו מות תמות,4.496673315244464,74.49958311719115,0.15384615384615385,3.438632535186943,56.970269442557935,-0.6294045204631593,-0.30384569859697413,0.0,0.7354578703576277,0.6193772754145013,0.7559658915593124,0.6275441494078227,False,1.0,1.0,False,2,1,False
Gen.2.18,ויאמר יהוה אלהים לא טוב היות האדם לבדו אעשה לו עזר כנגדו,9.105844186676363,1.777075737781363,0.08333333333333333,7.805009302865453,1.5232077752411683,-0.4889760716353928,-0.32511886706985704,0.0,0.687570681226757,0.627454444940926,0.7559658915593124,0.6275441494078227,False,1.0,1.0,False,2,1,False
Gen.2.19,ויצר יהוה אלהים מן האדמה כל חית השדה ואת כל עוף השמים ויבא אל האדם לראות מה יקרא לו וכל אשר יקרא לו האדם נפש חיה הוא שמו,4.263680385777432,2.6916941139163755,0.0,4.263680385777432,2.6916941139163755,-0.6028698909449868,-0.3246705582507163,0.0,0.7267023763230014,0.627284790189931,0.7559658915593124,0.6275441494078227,False,1.0,1.0,False,2,1,False
Gen.2.20,ויקרא האדם שמות לכל הבהמה ולעוף השמים ולכל חית השדה ולאדם לא מצא עזר כנגדו,4.311418098906441,1.2674271724648882,0.2,3.0795843563617438,0.905305123189206,-0.6409519845253742,-0.32535593548830294,0.0,0.7392230602541427,0.6275441494078227,0.7559658915593124,0.6275441494078227,False,1.0,1.0,False,2,1,False
Gen.2.21,ויפל יהוה אלהים תרדמה על האדם ויישן ויקח אחת מצלעתיו ויסגר בשר תחתנה,9.03361419026278,25822.776813399374,0.23076923076923078,6.180893919653481,17668.21571443115,-0.5412097693020811,6.452995513592458,6.452995513592458,0.7058184976882141,5.483030330387115e-11,0.7559658915593124,6.853787912983893e-09,False,9.072749684198726e-10,1.1340937105248407e-07,True,2,1,False
Gen.2.22,ויבן יהוה אלהים את הצלע אשר לקח מן האדם לאשה ויבאה אל האדם,9.767020818338496,6.519228070782762,0.15384615384615385,7.468898272847085,4.985292054127994,-0.4997858466710174,-0.3237905820369372,0.0,0.6913870612761254,0.6269517065651491,0.7559658915593124,0.6275441494078227,False,1.0,1.0,False,2,1,False
Gen.2.23,ויאמר האדם זאת הפעם עצם מעצמי ובשר מבשרי לזאת יקרא אשה כי מאיש לקחה זאת,3.4574017852180403,1.5375668061746715,0.2,2.469572703727172,1.0982620044104796,-0.660570765657695,-0.3252819044374449,0.0,0.7455561888685058,0.6275161374949865,0.7559658915593124,0.6275441494078227,False,1.0,1.0,False,2,1,False
Gen.2.24,על כן יעזב איש את אביו ואת אמו ודבק באשתו והיו לבשר אחד,3.843529945640891,18.031581462190747,0.15384615384615385,2.9391699584312696,13.788856412263513,-0.6454678971787261,-0.3204129511558607,0.0,0.7406879921576117,0.6256723454715181,0.7559658915593124,0.6275441494078227,False,1.0,1.0,False,2,1,False
Gen.2.25,ויהיו שניהם ערומים האדם ואשתו ולא יתבששו,33.25183979944199,586.130696938559,0.14285714285714285,25.86254206623266,455.8794309522126,0.09177805255908064,-0.15079770032633782,0.09177805255908064,0.4634371909867811,0.5599323498023189,0.7559658915593124,0.6275441494078227,False,0.9957972509069859,1.0,False,2,1,False
Gen.3.1,והנחש היה ערום מכל חית השדה אשר עשה יהוה אלהים ויאמר אל האשה אף כי אמר אלהים לא תאכלו מכל עץ הגן,8.139366495216324,4.35727021170834,0.045454545454545456,7.461085953948297,3.9941643607326456,-0.5000371011740244,-0.324170844322543,0.0,0.6914755231898129,0.6270956529567984,0.7559658915593124,0.6275441494078227,False,1.0,1.0,False,3,1,False
Gen.3.2,ותאמר האשה אל הנחש מפרי עץ הגן נאכל,20.57501376268743,7.869657857025546,0.125,16.460011010149945,6.295726285620437,-0.2106197755519851,-0.3232878125963051,0.0,0.5834080101031807,0.6267613584943501,0.7559658915593124,0.6275441494078227,False,1.0,1.0,False,3,1,False
Gen.3.3,ומפרי העץ אשר בתוך הגן אמר אלהים לא תאכלו ממנו ולא תגעו בו פן תמתון,4.936109182203013,130.30496093349097,0.06666666666666667,4.355390454885011,114.97496552955086,-0.5999203738895651,-0.28159125201366086,0.0,0.72572034823709,0.6108715256181018,0.7559658915593124,0.6275441494078227,False,1.0,1.0,False,3,1,False
Gen.3.4,ויאמר הנחש אל האשה לא מות תמתון,19.682156940766312,5755.691962839372,0.0,19.682156940766312,5755.691962839372,-0.10699130302011767,1.8825617144970568,1.8825617144970568,0.5426020603324868,0.02987989446928852,0.7559658915593124,0.6224978014435107,False,0.16998938170438663,1.0,False,3,1,False
Gen.3.5,כי ידע אלהים כי ביום אכלכם ממנו ונפקחו עיניכם והייתם כאלהים ידעי טוב ורע,7.012255285092435,681.0204479426031,0.14285714285714285,5.453976332849672,529.6825706220247,-0.564588399817,-0.12248192349683133,0.0,0.7138231213758437,0.5487413194204556,0.7559658915593124,0.6275441494078227,False,1.0,1.0,False,3,1,False
Gen.3.6,ותרא האשה כי טוב העץ למאכל וכי תאוה הוא לעינים ונחמד העץ להשכיל ותקח מפריו ותאכל ותתן גם לאישה עמה ויאכל,11.404963468846418,46.95371580792723,0.19047619047619047,8.258766649854303,34.000966619533514,-0.4743826355275589,-0.31265824580805357,0.0,0.6823864632917926,0.6227298394091313,0.7559658915593124,0.6275441494078227,False,1.0,1.0,False,3,1,False
Gen.3.7,ותפקחנה עיני שניהם וידעו כי עירמם הם ויתפרו עלה תאנה ויעשו להם חגרת,26.26896049606513,3606.187607708301,0.3076923076923077,16.26173744994508,2232.401852390853,-0.21699651534897962,0.5307940672207383,0.5307940672207383,0.5858944697038658,0.2977807458677072,0.7559658915593124,0.6275441494078227,False,0.8686012056029128,1.0,False,3,1,False
Gen.3.8,וישמעו את קול יהוה אלהים מתהלך בגן לרוח היום ויתחבא האדם ואשתו מפני יהוה אלהים בתוך עץ הגן,11.57548217304979,26.41289638574227,0.05555555555555555,10.417933955744811,23.77160674716804,-0.4049409607343321,-0.3165829063651855,0.0,0.657239545581845,0.6242199460676895,0.7559658915593124,0.6275441494078227,False,1.0,1.0,False,3,1,False
Gen.3.9,ויקרא יהוה אלהים אל האדם ויאמר לו איכה,6.37580180343818,5.2140127632340025,0.0,6.37580180343818,5.2140127632340025,-0.5349412741078975,-0.3237028296108981,0.0,0.7036547667995705,0.6269184858041801,0.7559658915593124,0.6275441494078227,False,1.0,1.0,False,3,1,False
Gen.3.10,ויאמר את קלך שמעתי בגן ואירא כי עירם אנכי ואחבא,65.20567474814376,13605.704178014901,0.2,46.575481962959834,9718.3601271535,0.7579335803851022,3.4029039098576814,3.4862900527638367,0.22424537301376024,0.00033336862385905465,0.7559658915593124,0.008334215596476366,False,0.002294800962064169,0.042733108764808965,True,3,1,False
Gen.3.11,ויאמר מי הגיד לך כי עירם אתה המן העץ אשר צויתיך לבלתי אכל ממנו אכלת,12.112969789900756,27.831338473037338,0.0,12.112969789900756,27.831338473037338,-0.3504263676144732,-0.3150253241532135,0.0,0.6369906295653632,0.6236287869061439,0.7559658915593124,0.6275441494078227,False,1.0,1.0,False,3,1,False
Gen.3.12,ויאמר האדם האשה אשר נתתה עמדי הוא נתנה לי מן העץ ואכל,13.7039338480129,20.610771809002465,0.0,13.7039338480129,20.610771809002465,-0.2992588603862315,-0.31779561218101426,0.0,0.6176287291705002,0.624680010362942,0.7559658915593124,0.6275441494078227,False,1.0,1.0,False,3,1,False
Gen.3.13,ויאמר יהוה אלהים לאשה מה זאת עשית ותאמר האשה הנחש השיאני ואכל,33.47280660358546,34.46778583644419,0.08333333333333333,28.690977088787537,29.54381643123788,0.18274426183531026,-0.3143683040873085,0.18274426183531026,0.42749934229154307,0.6233793367880031,0.7559658915593124,0.6275441494078227,False,0.9834409018209763,1.0,False,3,1,False
Gen.3.14,ויאמר יהוה אלהים אל הנחש כי עשית זאת ארור אתה מכל הבהמה ומכל חית השדה על גחנך תלך ועפר תאכל כל ימי חייך,5.211926088562156,6.415889107689063,0.043478260869565216,4.794972001477183,5.902617979073939,-0.5857828502616924,-0.3234386350020699,0.0,0.7209892750713865,0.6268184629760715,0.7559658915593124,0.6275441494078227,False,1.0,1.0,False,3,1,False
Gen.3.15,ואיבה אשית בינך ובין האשה ובין זרעך ובין זרעה הוא ישופך ראש ואתה תשופנו עקב,3.4382871663798156,3445.7185861921653,0.3333333333333333,2.0629722998278894,2067.431151715299,-0.673647572138295,0.46750037043988174,0.46750037043988174,0.749732299549701,0.3200709635591197,0.7559658915593124,0.6275441494078227,False,0.8964808937770647,1.0,False,3,1,False
Gen.3.16,אל האשה אמר הרבה ארבה עצבונך והרנך בעצב תלדי בנים ואל אישך תשוקתך והוא ימשל בך,12.360487704146662,2332.1010304210286,0.375,7.06313583094095,1332.6291602405877,-0.5128357031862032,0.1855816160676288,0.1855816160676288,0.6959668736383021,0.4263864356838908,0.7559658915593124,0.6275441494078227,False,0.9829271532808711,1.0,False,3,1,False
Gen.3.17,ולאדם אמר כי שמעת לקול אשתך ותאכל מן העץ אשר צויתיך לאמר לא תאכל ממנו ארורה האדמה בעבורך בעצבון תאכלנה כל ימי חייך,5.331100230573294,45.82584494970791,0.17391304347826086,3.9553324291350247,33.99982044655748,-0.6127867688404155,-0.31265868555598764,0.0,0.7299913296852506,0.622730006474555,0.7559658915593124,0.6275441494078227,False,1.0,1.0,False,3,1,False
Gen.3.18,וקוץ ודרדר תצמיח לך ואכלת את עשב השדה,8.481994749267514,375.90026355093664,0.25,5.654663166178342,250.60017570062442,-0.5581340459662019,-0.22955643071960352,0.0,0.7116235731542869,0.5907817670112462,0.7559658915593124,0.6275441494078227,False,1.0,1.0,False,3,1,False
Gen.3.19,בזעת אפיך תאכל לחם עד שובך אל האדמה כי ממנה לקחת כי עפר אתה ואל עפר תשוב,6.188309798693573,34.02940813916244,0.17647058823529413,4.573968112077858,25.152171233293977,-0.5928906274931454,-0.31605323030990146,0.0,0.7233728245786043,0.6240189473558402,0.7559658915593124,0.6275441494078227,False,1.0,1.0,False,3,1,False
Gen.3.20,ויקרא האדם שם אשתו חוה כי הוא היתה אם כל חי,26.908637415128393,5.591582531009522,0.09090909090909091,22.768847043570176,4.731339064700365,-0.007719268971799657,-0.32388801523836996,0.0,0.5030795121834044,0.6269885911072663,0.7559658915593124,0.6275441494078227,False,1.0,1.0,False,3,1,False
Gen.3.21,ויעש יהוה אלהים לאדם ולאשתו כתנות עור וילבשם,38.26700335375887,1521.009455029547,0.375,21.866859059290782,869.148260016884,-0.036728394897729215,0.0077596183289442965,0.0077596183289442965,0.5146492159709626,0.4969043912341364,0.7559658915593124,0.6275441494078227,False,0.9999698946148707,1.0,False,3,1,False
Gen.3.22,ויאמר יהוה אלהים הן האדם היה כאחד ממנו לדעת טוב ורע ועתה פן ישלח ידו ולקח גם מעץ החיים ואכל וחי לעלם,4.006524648464267,13.881354294815523,0.045454545454545456,3.672647594425578,12.724574770247564,-0.6218782868100128,-0.32082128014557426,0.0,0.7329890481811022,0.6258270840325719,0.7559658915593124,0.6275441494078227,False,1.0,1.0,False,3,1,False
Gen.3.23,וישלחהו יהוה אלהים מגן עדן לעבד את האדמה אשר לקח משם,13.439619140293832,10.024956299683057,0.0,13.439619140293832,10.024956299683057,-0.3077595707880706,-0.3218570327501289,0.0,0.6208673564082068,0.6262194973225598,0.7559658915593124,0.6275441494078227,False,1.0,1.0,False,3,1,False
Gen.3.24,ויגרש את האדם וישכן מקדם לגן עדן את הכרבים ואת להט החרב המתהפכת לשמר את דרך עץ החיים,6.992080033698801,539.739132040657,0.16666666666666666,5.244060025274101,404.80434903049274,-0.5713395857601596,-0.1703934875477822,0.0,0.7161152635246829,0.5676496532819091,0.7559658915593124,0.6275441494078227,False,1.0,1.0,False,3,1,False
Esth.1.1,ויהי בימי אחשורוש הוא אחשורוש המלך מהדו ועד כוש שבע ועשרים ומאה מדינה,18.14368096380653,4.869088343259417,0.3076923076923077,11.231802501404044,3.014197545827258,-0.3787658724408403,-0.32454682455529904,0.0,0.6475691338866861,0.6272379609541751,0.7559658915593124,0.6275441494078227,False,1.0,1.0,False,1,1,False
Esth.1.2,בימים ההם כשבת המלך אחשורוש על כסא מלכותו אשר בשושן הבירה,12.400004772034295,1.9135949883683177,0.2727272727272727,8.023532499551603,1.238208521885382,-0.48194807676086066,-0.3252282116762072,0.0,0.6850785839841443,0.6274958207741672,0.7559658915593124,0.6275441494078227,False,1.0,1.0,False,1,1,False
Esth.1.3,בשנת שלוש למלכו עשה משתה לכל שריו ועבדיו חיל פרס ומדי הפרתמים ושרי המדינות לפניו,29.06191041148,2508.5984973776053,0.13333333333333333,22.94361348274737,1980.4724979296884,-0.0020985492614724096,0.4341372663090309,0.4341372663090309,0.5008371994134149,0.332094382584515,0.7559658915593124,0.6275441494078227,False,0.91006652022078,1.0,False,1,1,False
Esth.1.4,בהראתו את עשר כבוד מלכותו ואת יקר תפארת גדולתו ימים רבים שמונים ומאת יום,23.18266869827721,152.94547277919574,0.14285714285714285,18.0309645431045,118.95758993937447,-0.1600958332650261,-0.28006325327961196,0.0,0.5635972082930727,0.6102855116969688,0.7559658915593124,0.6275441494078227,False,1.0,1.0,False,1,1,False
Esth.1.5,ובמלואת הימים האלה עשה המלך לכל העם הנמצאים בשושן הבירה למגדול ועד קטן משתה שבעת ימים בחצר גנת ביתן המלך,33.56526090724639,910.5104838946299,0.25,22.376840604830928,607.0069892630867,-0.020326714240870545,-0.09281515062636474,0.0,0.5081086273477042,0.5369747927451829,0.7559658915593124,0.6275441494078227,False,1.0,1.0,False,1,1,False
Esth.1.6,חור כרפס ותכלת אחוז בחבלי בוץ וארגמן על גלילי כסף ועמודי שש מטות זהב וכסף על רצפת בהט ושש ודר וסחרת,79.23872518419026,1671.3742266639154,0.38095238095238093,44.973330509945825,948.6178043227628,0.7064062717480306,0.03824940360603682,0.7074410488805198,0.23996776086143629,0.48474441565497406,0.7559658915593124,0.6275441494078227,False,0.7786166816721758,1.0,False,1,2,True
Esth.1.7,והשקות בכלי זהב וכלים מכלים שונים ויין מלכות רב כיד המלך,41.567308101125036,290.8725681622775,0.36363636363636365,24.06528363749344,168.39990788342382,0.033975845667835944,-0.26109390255685605,0.033975845667835944,0.4864482059713625,0.6029899531497425,0.7559658915593124,0.6275441494078227,False,0.9994229874913605,1.0,False,1,2,False
Esth.1.8,והשתיה כדת אין אנס כי כן יסד המלך על כל רב ביתו לעשות כרצון איש ואיש,60.422223933540515,148.48334264250568,0.25,40.28148262236034,98.98889509500378,0.5555102414588794,-0.28772456835806776,0.5555102414588794,0.2892728534894474,0.6132212089565913,0.7559658915593124,0.6275441494078227,False,0.8570184652936185,1.0,False,1,2,False
Esth.1.9,גם ושתי המלכה עשתה משתה נשים בית המלכות אשר למלך אחשורוש,84.96503010875247,57.079905810643325,0.2727272727272727,54.97737242331043,36.93405670100451,1.0281494841755454,-0.31153291801658917,1.0281494841755454,0.15193975827179945,0.6223022389574644,0.7559658915593124,0.6275441494078227,False,0.5894616118896172,1.0,False,1,2,False
Esth.1.10,ביום השביעי כטוב לב המלך ביין אמר למהומן בזתא חרבונא בגתא ואבגתא זתר וכרכס שבעת הסריסים המשרתים את פני המלך אחשורוש,62.59093889514678,6369.032027558685,0.47619047619047616,32.058773580441034,3262.1871360666432,0.29105704894780254,0.9258879670917859,0.97055794950511,0.3855038442191552,0.17725210263516644,0.7559658915593124,0.6275441494078227,False,0.6243829688899978,1.0,False,1,2,False
Esth.1.11,להביא את ושתי המלכה לפני המלך בכתר מלכות להראות העמים והשרים את יפיה כי טובת מראה היא,18.093286406234213,12.737237576532054,0.29411764705882354,11.39206921874006,8.019742177816479,-0.3736114829523261,-0.32262636581406323,0.0,0.6456533052540695,0.6265108881970289,0.7559658915593124,0.6275441494078227,False,1.0,1.0,False,1,2,False
Esth.1.12,ותמאן המלכה ושתי לבוא בדבר המלך אשר ביד הסריסים ויקצף המלך מאד וחמתו בערה בו,62.137383789792196,2915.0754482183734,0.26666666666666666,40.524380732473176,1901.136161881548,0.563322165770779,0.40369858855005814,0.6930399792551583,0.28660776356548556,0.34321718882522045,0.7559658915593124,0.6275441494078227,False,0.7865081403649532,1.0,False,1,2,False
Esth.1.13,ויאמר המלך לחכמים ידעי העתים כי כן דבר המלך לפני כל ידעי דת ודין,22.587848626820193,212.82397166418258,0.2857142857142857,14.374085489794668,135.43343651357074,-0.2777058977029792,-0.27374202634049627,0.0,0.6093809335478753,0.6078585607410898,0.7559658915593124,0.6275441494078227,False,1.0,1.0,False,1,2,False
Esth.1.14,והקרב אליו כרשנא שתר אדמתא תרשיש מרס מרסנא ממוכן שבעת שרי פרס ומדי ראי פני המלך הישבים ראשנה במלכות,95.26614304540647,23225.071189265866,0.42105263157894735,51.715906224649224,12607.895788458613,0.9232564198453014,4.511521338499173,4.6050219548357125,0.17793679649148314,3.2182153375007866e-06,0.7559658915593124,0.00013409230572919943,False,2.483855183642133e-05,0.0007762047448881666,True,1,2,False
Esth.1.15,כדת מה לעשות במלכה ושתי על אשר לא עשתה את מאמר המלך אחשורוש ביד הסריסים,47.331614250903876,370.7704786443102,0.3333333333333333,28.398968550542328,222.4622871865861,0.1733528812348587,-0.24035199003024538,0.1733528812348587,0.43118702980943946,0.594971303116279,0.7559658915593124,0.6275441494078227,False,0.9850867105038079,1.0,False,1,2,False
Esth.1.16,ויאמר מומכן ממוכן לפני המלך והשרים לא על המלך לבדו עותה ושתי המלכה כי על כל השרים ועל כל העמים אשר בכל מדינות המלך אחשורוש,18.384437286260198,74.58308957541088,0.24,12.421917085310945,50.39397944284519,-0.3404902141919977,-0.3063687993868738,0.0,0.633256304507479,0.6203380692990806,0.7559658915593124,0.6275441494078227,False,1.0,1.0,False,1,2,False
Esth.1.17,כי יצא דבר המלכה על כל הנשים להבזות בעליהן בעיניהן באמרם המלך אחשורוש אמר להביא את ושתי המלכה לפניו ולא באה,33.65766563968724,54.23015560353434,0.3333333333333333,20.194599383812346,32.538093362120605,-0.09051047664637217,-0.3132195009642987,0.0,0.5360592155171188,0.6229430481546709,0.7559658915593124,0.6275441494078227,False,1.0,1.0,False,1,2,False
Esth.1.18,והיום הזה תאמרנה שרות פרס ומדי אשר שמעו את דבר המלכה לכל שרי המלך וכדי בזיון וקצף,60.33199593513164,35.32464293424104,0.35294117647058826,35.36703209990475,20.70754930627923,0.39745501617052903,-0.31775848191762346,0.39745501617052903,0.34551597614394863,0.6246659268797935,0.7559658915593124,0.6275441494078227,False,0.9240535588106108,1.0,False,1,2,False
Esth.1.19,אם על המלך טוב יצא דבר מלכות מלפניו ויכתב בדתי פרס ומדי ולא יעבור אשר לא תבוא ושתי לפני המלך אחשורוש ומלכותה יתן המלך לרעותה הטובה ממנה,19.89955528275761,318.8126010131832,0.18518518518518517,14.521297098228528,232.64703317178237,-0.2729713777745034,-0.23644444631771155,0.0,0.6075623912325402,0.593456094724828,0.7559658915593124,0.6275441494078227,False,1.0,1.0,False,1,2,False
Esth.1.20,ונשמע פתגם המלך אשר יעשה בכל מלכותו כי רבה היא וכל הנשים יתנו יקר לבעליהן למגדול ועד קטן,37.08418694815422,176.69674247456888,0.16666666666666666,27.813140211115666,132.52255685592667,0.15451186742359027,-0.2748588327410391,0.15451186742359027,0.43860307736673565,0.6082876519562381,0.7559658915593124,0.6275441494078227,False,0.9881340042619448,1.0,False,1,2,False
Esth.1.21,וייטב הדבר בעיני המלך והשרים ויעש המלך כדבר ממוכן,17.77946056144771,95.09416828519991,0.1111111111111111,14.546831368457216,77.80431950607264,-0.27215016188981234,-0.2958523758915642,0.0,0.6072467195221541,0.6163285888822458,0.7559658915593124,0.6275441494078227,False,1.0,1.0,False,1,2,False
Esth.1.22,וישלח ספרים אל כל מדינות המלך אל מדינה ומדינה ככתבה ואל עם ועם כלשונו להיות כל איש שרר בביתו ומדבר כלשון עמו,35.68527096587854,44.091023268036516,0.36363636363636365,20.659893717087574,25.52638189202114,-0.07554599580865234,-0.31590965829457596,0.0,0.5301098486474906,0.6239644595959255,0.7559658915593124,0.6275441494078227,False,1.0,1.0,False,1,2,False
Esth.2.1,אחר הדברים האלה כשך חמת המלך אחשורוש זכר את ושתי ואת אשר עשתה ואת אשר נגזר עליה,76.11924621809379,37.547454911493574,0.17647058823529413,56.262051552504104,27.75246667371264,1.0694664632071078,-0.315055584603891,1.0694664632071078,0.1424297663881008,0.6236402746167907,0.7559658915593124,0.6275441494078227,False,0.5644636684984762,1.0,False,2,2,False
Esth.2.2,ויאמרו נערי המלך משרתיו יבקשו למלך נערות בתולות טובות מראה,143.00439530854396,130.36764647126967,0.3,89.37774706783998,81.47977904454353,2.134511007117076,-0.2944422259643004,2.134511007117076,0.016400486801808695,0.6157899977393045,0.3977251903685952,0.6275441494078227,False,0.10248194730674047,1.0,False,2,2,False
Esth.2.3,ויפקד המלך פקידים בכל מדינות מלכותו ויקבצו את כל נערה בתולה טובת מראה אל שושן הבירה אל בית הנשים אל יד הגא סריס המלך שמר הנשים ונתון תמרוקיהן,84.28533739584766,274.17477455482395,0.25,56.19022493056511,182.7831830365493,1.067156424096856,-0.2555755247326146,1.067156424096856,0.14295060309080249,0.6008606903526448,0.7559658915593124,0.6275441494078227,False,0.5658583954794765,1.0,False,2,2,False
Esth.2.4,והנערה אשר תיטב בעיני המלך תמלך תחת ושתי וייטב הדבר בעיני המלך ויעש כן,46.13218129349408,1005.8365896306599,0.21428571428571427,32.292526905445854,704.0856127414619,0.2985748648819992,-0.05556935526281422,0.2985748648819992,0.3826322230033298,0.5221575611370969,0.7559658915593124,0.6275441494078227,False,0.9564053256596685,1.0,False,2,2,False
Esth.2.5,איש יהודי היה בשושן הבירה ושמו מרדכי בן יאיר בן שמעי בן קיש איש ימיני,13.521157437992635,2.0278122884455216,0.13333333333333333,10.674597977362607,1.6009044382464646,-0.3966863065110672,-0.32508905747937217,0.0,0.6542006003595177,0.6274431647819034,0.7559658915593124,0.6275441494078227,False,1.0,1.0,False,2,2,False
Esth.2.6,אשר הגלה מירושלים עם הגלה אשר הגלתה עם יכניה מלך יהודה אשר הגלה נבוכדנאצר מלך בבל,17.527535605920246,3901.8410091194896,0.125,14.022028484736197,3121.472807295592,-0.2890285163751181,0.8719006225422062,0.8719006225422062,0.613720222264332,0.19163129702519222,0.7559658915593124,0.6275441494078227,False,0.683789369715653,1.0,False,2,2,False
Esth.2.7,ויהי אמן את הדסה היא אסתר בת דדו כי אין לה אב ואם והנערה יפת תאר וטובת מראה ובמות אביה ואמה לקחה מרדכי לו לבת,42.742478290870196,19.785614577370396,0.28,27.39902454542961,12.683086267545125,0.1411933601893899,-0.3208371978855074,0.1411933601893899,0.4438585956652811,0.6258331157390746,0.7559658915593124,0.6275441494078227,False,0.9900817312125361,1.0,False,2,2,False
Esth.2.8,ויהי בהשמע דבר המלך ודתו ובהקבץ נערות רבות אל שושן הבירה אל יד הגי ותלקח אסתר אל בית המלך אל יד הגי שמר הנשים,189.4532051510909,485.5555307667132,0.375,108.25897437205195,277.4603032952647,2.7417562365993393,-0.21925110520114188,2.7417562365993393,0.0030555837503955133,0.5867727762011123,0.09548699219985979,0.6275441494078227,False,0.023316042629454636,0.32383392540909217,False,2,2,False
Esth.2.9,ותיטב הנערה בעיניו ותשא חסד לפניו ויבהל את תמרוקיה ואת מנותה לתת לה ואת שבע הנערות הראיות לתת לה מבית המלך וישנה ואת נערותיה לטוב בית הנשים,324.8863403027604,1939.1531280091115,0.2962962962962963,203.9983997249891,1217.6077780522328,5.82086271533842,0.1414517890272351,5.822581159540498,2.927232178469491e-09,0.4437565218943521,3.659040223086864e-07,0.6275441494078227,False,4.346865732927549e-08,2.716791083079718e-06,True,2,2,False
Esth.2.10,לא הגידה אסתר את עמה ואת מולדתה כי מרדכי צוה עליה אשר לא תגיד,32.42265084914775,26.559120856264713,0.2857142857142857,20.632595994912204,16.90125872671391,-0.07642392663908239,-0.3192188273051153,0.0,0.5304590827183039,0.6252197094454224,0.7559658915593124,0.6275441494078227,False,1.0,1.0,False,2,2,False
Esth.2.11,ובכל יום ויום מרדכי מתהלך לפני חצר בית הנשים לדעת את שלום אסתר ומה יעשה בה,116.21846122756732,27.228782771913725,0.1875,84.5225172564126,19.802751106846344,1.9783603981801434,-0.3181056224865139,1.9783603981801434,0.02394403197022727,0.6247975905690792,0.3977251903685952,0.6275441494078227,False,0.14128799802822978,1.0,False,2,2,False
Esth.2.12,ובהגיע תר נערה ונערה לבוא אל המלך אחשורוש מקץ היות לה כדת הנשים שנים עשר חדש כי כן ימלאו ימי מרוקיהן ששה חדשים בשמן המר וששה חדשים בבשמים ובתמרוקי הנשים,103.09448175844561,792.2816425078482,0.3333333333333333,61.85668905506737,475.368985504709,1.2493974009251363,-0.1433202152263278,1.2493974009251363,0.10575987929333486,0.5569813544003694,0.7559658915593124,0.6275441494078227,False,0.45817827095001185,1.0,False,2,2,False
Esth.2.13,ובזה הנערה באה אל המלך את כל אשר תאמר ינתן לה לבוא עמה מבית הנשים עד בית המלך,92.94214257139245,32.39658440863483,0.05555555555555555,83.6479283142532,29.156925967771347,1.9502324616679996,-0.31451674091628345,1.9502324616679996,0.025574209176406328,0.6234356981520774,0.3977251903685952,0.6275441494078227,False,0.14931407176486292,1.0,False,2,2,False
Esth.2.14,בערב היא באה ובבקר היא שבה אל בית הנשים שני אל יד שעשגז סריס המלך שמר הפילגשים לא תבוא עוד אל המלך כי אם חפץ בה המלך ונקראה בשם,158.03411031990493,634.0295239084186,0.10344827586206896,130.94254855077838,525.3387483812611,3.4712899679456006,-0.12414850166283882,3.4712899679456006,0.0002589821750549245,0.549401151800373,0.010790923960621854,0.6275441494078227,False,0.0024177280048305353,0.042733108764808965,True,2,2,False
Esth.2.15,ובהגיע תר אסתר בת אביחיל דד מרדכי אשר לקח לו לבת לבוא אל המלך לא בקשה דבר כי אם את אשר יאמר הגי סריס המלך שמר הנשים ותהי אסתר נשאת חן בעיני כל ראיה,58.07604503149814,208.76701739621046,0.2647058823529412,37.972798674441094,136.5015113744453,0.4812599138097069,-0.27333224202057393,0.4812599138097069,0.31516589171280623,0.6077010834678837,0.7559658915593124,0.6275441494078227,False,0.8906483909741648,1.0,False,2,2,False
Esth.2.16,ותלקח אסתר אל המלך אחשורוש אל בית מלכותו בחדש העשירי הוא חדש טבת בשנת שבע למלכותו,24.506926069339993,162.96669921823775,0.25,16.337950712893328,108.64446614549183,-0.21454539606510362,-0.2840200512297959,0.0,0.5849391149655622,0.6118024927632738,0.7559658915593124,0.6275441494078227,False,1.0,1.0,False,2,2,False
Esth.2.17,ויאהב המלך את אסתר מכל הנשים ותשא חן וחסד לפניו מכל הבתולת וישם כתר מלכות בראשה וימליכה תחת ושתי,68.468133132266,185.50148467911697,0.2631578947368421,44.85843205217428,121.53545547942147,0.7027109854600955,-0.2790742131702749,0.7027109854600955,0.24111794008972232,0.6099060639200378,0.7559658915593124,0.6275441494078227,False,0.7812177455005133,1.0,False,2,2,False
Esth.2.18,ויעש המלך משתה גדול לכל שריו ועבדיו את משתה אסתר והנחה למדינות עשה ויתן משאת כיד המלך,63.37864699518686,184.06632215614098,0.17647058823529413,46.845086909485936,136.0490207241042,0.7666044318602218,-0.2735058474299077,0.7666044318602218,0.22165836983780995,0.6077678009780779,0.7559658915593124,0.6275441494078227,False,0.7453948675384738,1.0,False,2,2,False
Esth.2.19,ובהקבץ בתולות שנית ומרדכי ישב בשער המלך,229.2559921049186,4906.726012458538,0.2857142857142857,145.8901767940391,3122.462007928161,3.9520254517438156,0.8722801454795331,4.047144403579974,3.874624808441399e-05,0.1915277831480549,0.0024216405052758746,0.6275441494078227,False,0.000277500197875173,0.006937504946879325,True,2,2,False
Esth.2.20,אין אסתר מגדת מולדתה ואת עמה כאשר צוה עליה מרדכי ואת מאמר מרדכי אסתר עשה כאשר היתה באמנה אתו,41.39376336538593,3.6861402456317522,0.42105263157894735,22.470900112638077,2.0010475619143797,-0.017301636131112325,-0.32493553605141756,0.0,0.5069020098222269,0.6273850694611696,0.7559658915593124,0.6275441494078227,False,1.0,1.0,False,2,2,False
Esth.2.21,בימים ההם ומרדכי ישב בשער המלך קצף בגתן ותרש שני סריסי המלך משמרי הסף ויבקשו לשלח יד במלך אחשורש,20.89080820086971,1948.7176897514885,0.3157894736842105,12.804043736016919,1194.3753582347833,-0.3282005159663175,0.13253829269491874,0.13253829269491874,0.6286199711259611,0.4472792684886498,0.7559658915593124,0.6275441494078227,False,0.9912552600997626,1.0,False,2,2,False
Esth.2.22,ויודע הדבר למרדכי ויגד לאסתר המלכה ותאמר אסתר למלך בשם מרדכי,40.23320347076173,7.144143879966693,0.5454545454545454,19.241966877320827,3.4167644643318966,-0.12114839735440049,-0.32439237319897035,0.0,0.5482132520479824,0.6271795034300837,0.7559658915593124,0.6275441494078227,False,1.0,1.0,False,2,2,False
Esth.2.23,ויבקש הדבר וימצא ויתלו שניהם על עץ ויכתב בספר דברי הימים לפני המלך,55.29085778196433,1276.0403369415876,0.07692307692307693,47.918743411035756,1105.901625349376,0.8011346442327673,0.0985939037859294,0.8071787138259481,0.21152685094072082,0.46073035525591693,0.7559658915593124,0.6275441494078227,False,0.7219721328269036,1.0,False,2,2,False
